--import later!
INSERT INTO user (id, email, nickname, password, image, created_at, updated_at) VALUES (1, "MJ@codestates.com", "MJ", "0000", "default.img", now(), now());
INSERT INTO user (id, email, nickname, password, image, created_at, updated_at) VALUES (2, "HJ@codestates.com", "HJ", "0000", "default.img", now(), now());
INSERT INTO user (id, email, nickname, password, image, created_at, updated_at) VALUES (3, "SW@codestates.com", "SW", "0000", "default.img", now(), now());
INSERT INTO user (id, email, nickname, password, image, created_at, updated_at) VALUES (4, "JH@codestates.com", "JH", "0000", "default.img", now(), now());

INSERT INTO wine (id, wine_name, type, country, grape, vintage, sweet, acidity, body, tannic, image, comment, price) VALUES (1, "Sauvignon blanc", "white", "France", "Sauvignon Blanc", "1996", "0", "4", "3", "1", "https://images.vivino.com/thumbs/Kw8JvF37Qxysy-Gz_NCoNA_pb_600x600.png", "잘 익은 과실의 향이 넘치고 특히 체리와 붉은 열매류 과일의 특징이 뛰어나다. 입 안에서는 Powerful하며 우아한 Body 감과 은은한 힘이 오래 남는다. 아마로네와 유사하나 가격은 훨씬 저렴하며 품질이 뛰어난 아마로네의 동생격 와인으로 매우 Value가 뛰어난 와인이다.", "10000")
INSERT INTO wine (id, wine_name, type, country, grape, vintage, sweet, acidity, body, tannic, image, comment, price) VALUES (2, "Lapola", "red", "South Korea", "Sauternes", "1958", "2", "1", "0", "4", "https://pds.joongang.co.kr/news/component/htmlphoto_mmdata/201808/24/a2c657f3-9abd-425e-999a-2bef2e88f160.jpg", "선명한 보라색을 띠며, 자두, 레드 커런트, 카시스, 허브 향이 피어 오른다. 입 안에서는 매끈하고 부드러운 타닌과 풍부한 과일 풍미가 입 안을 가득 메우는 레드와인이다.", "40000")
INSERT INTO wine (id, wine_name, type, country, grape, vintage, sweet, acidity, body, tannic, image, comment, price) VALUES (3, "Petrus Gold", "sparkling", "Germany", "Gewürztraminer", "2001", "3", "2", "1", "0", "https://leesliquorlv.com/wp-content/uploads/2020/03/Algodon-Blue-Label-Cabernet-Sauvignon.jpg", "연둣빛이 감도는 골든 옐로우 색을 띠며 파파야, 키위 등의 신선한 열대 과일 향과 생동감 있는 청사과, 배 향 등이 어우러진다. 입 안에서는 적당하고 부드러운 산미가 식욕을 돋우고, 시원한 미네랄 워터의 감촉과 함께 오크 숙성에서 비롯한 견과류의 풍미가 인상적인 피니쉬를 주는 와인이다.", "150000")
INSERT INTO wine (id, wine_name, type, country, grape, vintage, sweet, acidity, body, tannic, image, comment, price) VALUES (4, "Sauvignon blue", "rose", "Guatemala", "Pinot NoirL", "2007", "3", "2", "4", "1", "https://hips.hearstapps.com/vader-prod.s3.amazonaws.com/1589557265-tc-whisperingangel-1589557251.jpg?crop=1xw:1xh;center,top&resize=480:*", "시간이 지날수록 붉은 빛의 토니 색을 띠고 붉은 과일 향과 약간의 검은 과일 향, 호두, 아몬드 등의 견과류 향이 느껴진다. 입 안에서는 오크 숙성으로 인한 섬세함한 타닌과 부드러움이 인상적이며 시간이 지날수록 더욱 부드럽고 복합적인 과실향이 어우러지는 와인이다.", "13000")
INSERT INTO wine (id, wine_name, type, country, grape, vintage, sweet, acidity, body, tannic, image, comment, price) VALUES (5, "Garry Farell Sauvignon", "red", "Egypt", "Carménère", "2020", "2", "0", "1", "4", "http://www.watsonswine.com/medias/sys_master/front/prd/9006404141086.png", "taste good", "35000")
INSERT INTO wine (id, wine_name, type, country, grape, vintage, sweet, acidity, body, tannic, image, comment, price) VALUES (6, "Pinot Noir", "white", "France", "Cabernet Franc", "1958", "2", "1", "0", "4", "https://www.evino.eu/media/catalog/product/cache/2/image/565x565/9df78eab33525d08d6e5fb8d27136e95/p/e/petrus.jpg", "선명한 보라색을 띠며, 자두, 레드 커런트, 카시스, 허브 향이 피어 오른다. 입 안에서는 매끈하고 부드러운 타닌과 풍부한 과일 풍미가 입 안을 가득 메우는 레드와인이다.", "40000")
INSERT INTO wine (id, wine_name, type, country, grape, vintage, sweet, acidity, body, tannic, image, comment, price) VALUES (7, "Sangrilla", "sparkling", "Spain", "Merlot", "1880", "2", "1", "0", "4", "https://images.vivino.com/thumbs/EReJ0L4nQDioVGrrlV6OSg_pb_600x600.png", "선명한 보라색을 띠며, 자두, 레드 커런트, 카시스, 허브 향이 피어 오른다. 입 안에서는 매끈하고 부드러운 타닌과 풍부한 과일 풍미가 입 안을 가득 메우는 레드와인이다.", "40000")
INSERT INTO wine (id, wine_name, type, country, grape, vintage, sweet, acidity, body, tannic, image, comment, price) VALUES (8, "Chandon Cali", "red", "America", "Malbec", "1650", "2", "1", "0", "4", "https://images.vivino.com/thumbs/guS-H7HTSpmgToJF1gfnCg_pb_600x600.png", "선명한 보라색을 띠며, 자두, 레드 커런트, 카시스, 허브 향이 피어 오른다. 입 안에서는 매끈하고 부드러운 타닌과 풍부한 과일 풍미가 입 안을 가득 메우는 레드와인이다.", "40000")
INSERT INTO wine (id, wine_name, type, country, grape, vintage, sweet, acidity, body, tannic, image, comment, price) VALUES (9, "Blanc Sparkling", "rose", "Chile", "Chardonnay", "1995", "2", "1", "0", "4", "https://media-verticommnetwork1.netdna-ssl.com/wines/louis-roederer-cristal-1553062.jpg", "선명한 보라색을 띠며, 자두, 레드 커런트, 카시스, 허브 향이 피어 오른다. 입 안에서는 매끈하고 부드러운 타닌과 풍부한 과일 풍미가 입 안을 가득 메우는 레드와인이다.", "40000")
INSERT INTO wine (id, wine_name, type, country, grape, vintage, sweet, acidity, body, tannic, image, comment, price) VALUES (10, "Rosee Calamari", "red", "Italy", "Grenache", "1990", "2", "1", "0", "4", "https://im.indiatimes.in/media/content/2019/Jul/wines_1563538560.jpg", "선명한 보라색을 띠며, 자두, 레드 커런트, 카시스, 허브 향이 피어 오른다. 입 안에서는 매끈하고 부드러운 타닌과 풍부한 과일 풍미가 입 안을 가득 메우는 레드와인이다.", "40000")

INSERT INTO article (id, title, comment, user_id, wine_id) VALUES (1, "소비뇽 블랑 판매합니다", "보관 상태 양호합니다", 1, 1);
INSERT INTO article (id, title, comment, user_id, wine_id) VALUES (2, "TEST2", "TEST2 content", 2, 2);
INSERT INTO article (id, title, comment, user_id, wine_id) VALUES (3, "TEST3", "TEST3 content", 3, 3);
INSERT INTO article (id, title, comment, user_id, wine_id) VALUES (4, "TEST4", "TEST4 content", 1, 4);
INSERT INTO article (id, title, comment, user_id, wine_id) VALUES (5, "TEST5", "TEST5 content", 2, 5);
INSERT INTO article (id, title, comment, user_id, wine_id) VALUES (6, "TEST6", "TEST6 content", 3, 6);
INSERT INTO article (id, title, comment, user_id, wine_id) VALUES (7, "TEST7", "TEST7 content", 1, 7);
INSERT INTO article (id, title, comment, user_id, wine_id) VALUES (8, "TEST8", "TEST8 content", 2, 8);
INSERT INTO article (id, title, comment, user_id, wine_id) VALUES (9, "TEST9", "TEST9 content", 3, 9);
INSERT INTO article (id, title, comment, user_id, wine_id) VALUES (10 ,"TEST10", "TEST10 content", 1, 10);
INSERT INTO article (id, title, comment, user_id, wine_id) VALUES (11 ,"TEST11", "TEST11 content", 2, 3);
INSERT INTO article (id, title, comment, user_id, wine_id) VALUES (12 ,"TEST12", "TEST12 content", 3, 4);

INSERT INTO consumer (id, email, nickname, created_at, updated_at) VALUES (1, "MJ@cos", "MJ", now(), now())
INSERT INTO consumer (id, email, nickname, created_at, updated_at) VALUES (2, "HJ@cos", "HJ", now(), now())
INSERT INTO consumer (id, email, nickname, created_at, updated_at) VALUES (3, "SW@cos", "SW", now(), now())

INSERT INTO article_consumer_cart (id, article_id, consumer_id) VALUES (1,1,1)
INSERT INTO article_consumer_cart (id, article_id, consumer_id) VALUES (2,4 ,1)
INSERT INTO article_consumer_cart (id, article_id, consumer_id) VALUES (3,3,1)